Index.md,0
BusinessCourse.md,1
ChatBook.md,2
ChetGupta.md,3
CreatorSkills.md,4
CustomerJourney.md,5
DataAnalytics.md.md,6
DefiningSuccess.md,7
Discipleship.md,8
DrSeuss.md,9
EmailMarketing.md,10
ExponentialGraph.md,11
ForTheBirds.md,12
Gout.md,13
GrowthHabits.md,15
HenryCloud.md,16
Japanese.md,18
MarketingFunnel.md,19
Mastodon.md,20
ModernWriter.md,21
OnlineBusiness.md,22
ProfessionalCareer.md,23
SeasonOfOldAge.md,24
SoftwareEngineering.md,25
SpiritualFormationCourse.md,26
Spirituality.md,27
TeachingProgression.md,28
Template.md,29
TheShrinkingWorld.md,30
Transformation.md,31
Tweet.md,32
VennDiagram.md,33
WebApps.md,34
WritersDoubt.md,35
